babysitterID,firstName,lastName,email,zipcode,minHourlyRate,maxNumKids,minAgeKids
1,Louis,JIMENEZ,handsomeRaymond22@live.com,90001,28,4,11
2,Mary,POWELL,comfortableCarl@yahoo.com.au,90002,20,3,3
3,Patricia,JENKINS,worrisomePhilip@att.net,90003,9,2,4
4,Jennifer,PERRY,Carloscareful@yahoo.fr,90004,24,4,4
5,Linda,RUSSELL,nuttyKelsey21@yahoo.es,90005,8,2,9
6,Elizabeth,SULLIVAN,defiantEdwin@libero.it,90006,16,4,2
7,Barbara,BELL,depressedEvelyn71@tiscali.it,90007,19,2,4
8,Susan,COLEMAN,Reneezealous@hotmail.co.uk,90008,11,2,3
9,Jessica,BUTLER,soreCassie@sympatico.ca,90009,22,1,7
10,Sarah,HENDERSON,arrogantMelissa@yandex.ru,90010,19,2,11
11,Karen,BARNES,elatedBrent56@t-online.de,90001,17,1,12
12,Lisa,GONZALES,disturbedCharlotte@bigpond.net.au,90002,29,2,5
13,Nancy,FISHER,glamorousMarco14@comcast.net,90003,15,2,4
14,Betty,VASQUEZ,Eddiehilarious@alice.it,90004,15,6,2
15,Margaret,SIMMONS,Jordangood@ntlworld.com,90005,27,5,9
16,Sandra,ROMERO,zanyTracy55@yahoo.com.br,90006,17,5,7
17,Ashley,JORDAN,Christinasuccessful@yahoo.com.br,90007,24,1,6
18,Kimberly,PATTERSON,Davidglamorous@yahoo.com.sg,90008,24,1,9
19,Emily,ALEXANDER,Vanessanaughty@freenet.de,90009,10,3,1
20,Donna,HAMILTON,horribleGarrett@cox.net,90010,25,6,10
21,Michelle,GRAHAM,Jimmybrave@optusnet.com.au,90001,19,6,5
22,Carol,REYNOLDS,Bryanlovely@sbcglobal.net,90002,13,4,6
23,Amanda,GRIFFIN,relievedSeth42@live.com,90003,22,2,3
24,Dorothy,WALLACE,thankfulAngelica@rocketmail.com,90004,17,2,4
25,Melissa,MORENO,crazyMelinda67@aliceadsl.fr,90005,17,3,12
26,Deborah,WEST,Jorgeunusual@live.com.au,90006,13,6,5
27,Stephanie,COLE,crowdedJeffery73@live.it,90007,8,2,12
28,Rebecca,HAYES,Levismiling@aol.com,90008,11,4,7
29,Sharon,BRYANT,unsightlyJeffrey@yandex.ru,90009,20,4,5
30,Laura,HERRERA,Javierwrong@planet.nl,90010,13,3,11
31,Cynthia,GIBSON,Carlosgleaming@sfr.fr,90001,13,2,7
32,Kathleen,ELLIS,motionlessSteven43@rambler.ru,90002,11,3,9
33,Amy,TRAN,Emmanuelrich@yahoo.com.ar,90003,19,5,2
34,Angela,MEDINA,mushyValerie@planet.nl,90004,21,2,6
35,Shirley,AGUILAR,old-fashionedChase@shaw.ca,90005,9,3,3
36,Anna,STEVENS,blackBrooke23@live.com,90006,25,5,3
37,Brenda,MURRAY,naughtyCarl@yahoo.com.au,90007,29,6,9
38,Pamela,FORD,Brookekind@voila.fr,90008,17,2,11
39,Emma,CASTRO,toughCynthia@blueyonder.co.uk,90009,19,6,5
40,Nicole,MARSHALL,unusualDominique98@outlook.com,90010,14,1,7
41,Helen,OWENS,franticJared@alice.it,90001,11,6,2
42,Samantha,HARRISON,Tinastupid@club-internet.fr,90002,18,3,5
43,Katherine,FERNANDEZ,Mariehomely@libero.it,90003,21,1,5
44,Christine,MCDONALD,fantasticTina@windstream.net,90004,13,2,12
45,Debra,WOODS,Veronicaprecious@yahoo.it,90005,12,1,7
46,Rachel,WASHINGTON,Darrenhomely@alice.it,90006,15,3,2
47,Carolyn,KENNEDY,difficultJimmy@yahoo.com.ar,90007,25,1,7
48,Janet,WELLS,Nicholaspleasant@telenet.be,90008,24,6,5
49,Catherine,VARGAS,clumsyAmelia@outlook.com,90009,11,4,8
50,Maria,HENRY,Hillaryoutstanding@tiscali.it,90010,28,3,9
51,Heather,CHEN,Toddweary@orange.fr,90001,28,4,8
52,Diane,FREEMAN,clearJordan52@tiscali.it,90002,15,6,5
53,Ruth,WEBB,Migueluninterested@centurytel.net,90003,16,6,12
54,Julie,TUCKER,Carlold-fashioned@tiscali.co.uk,90004,28,3,7
55,Olivia,GUZMAN,Arthurgifted@cox.net,90005,20,5,4
56,Joyce,BURNS,tenseChristy82@mail.com,90006,30,5,8
57,Virginia,CRAWFORD,strangeDawn@yahoo.it,90007,11,5,5
58,Victoria,OLSON,darkChristopher74@gmx.de,90008,30,4,7
59,Kelly,SIMPSON,Lauraexcited@hotmail.com,90009,17,2,8
60,Lauren,PORTER,innocentHilary54@ymail.com,90010,19,1,8
61,Christina,HUNTER,Aimeeclean@earthlink.net,90001,22,3,2
62,Joan,GORDON,wrongJodi@freenet.de,90002,19,3,4
63,Evelyn,MENDEZ,evilClaire55@charter.net,90003,26,5,1
64,Judith,SILVA,spotlessMaurice38@telenet.be,90004,22,6,6
65,Megan,SHAW,Jillterrible@live.ca,90005,25,3,12
66,Andrea,SNYDER,Lesliewrong@facebook.com,90006,28,6,3
67,Cheryl,MASON,Walterembarrassed@comcast.net,90007,17,5,10
68,Hannah,DIXON,enchantingTabitha@yahoo.co.id,90008,28,3,1
69,Jacqueline,MUNOZ,bloodyDominique12@gmail.com,90009,19,2,3
70,Martha,HUNT,Alisonwandering@aol.com,90010,25,3,3
71,Gloria,HICKS,Brendansuper@sympatico.ca,90001,12,4,3
72,Teresa,HOLMES,cautiousKristopher@shaw.ca,90002,24,5,9
73,Ann,PALMER,Carlylazy@yahoo.com.ar,90003,15,5,9
74,Sara,WAGNER,quaintKatrina66@free.fr,90004,14,4,11
75,Madison,BLACK,obnoxiousJessica@live.nl,90005,22,1,9
76,Frances,ROBERTSON,tiredKevin26@freenet.de,90006,23,1,12
77,Kathryn,BOYD,Danielwrong@me.com,90007,29,1,4
78,Janice,ROSE,tenderWesley@live.com,90008,9,1,9
79,Jean,STONE,frailKurt@qq.com,90009,30,6,6
80,Abigail,SALAZAR,Justinencouraging@yahoo.com.au,90010,16,6,12
81,Alice,FOX,Thomassore@t-online.de,90001,17,5,12
82,Julia,WARREN,Philipstormy@yahoo.in,90002,24,2,11
83,Judy,MILLS,worrisomeMarvin42@frontiernet.net,90003,21,6,4
84,Sophia,MEYER,sparklingOlivia47@free.fr,90004,14,2,8
85,Grace,RICE,disturbedJohnny99@mail.com,90005,10,3,12
86,Denise,SCHMIDT,Ginalazy@laposte.net,90006,26,1,2
87,Amber,GARZA,mushyMelody@neuf.fr,90007,26,5,10
88,Doris,DANIELS,Andrecooperative@virgilio.it,90008,27,3,8
89,Marilyn,FERGUSON,Daniellegrumpy@yahoo.com.ar,90009,10,1,7
90,Danielle,NICHOLS,agreeablePatrick@rambler.ru,90010,20,6,7
91,Beverly,STEPHENS,gloriousEmmanuel82@cox.net,90001,12,4,6
92,Isabella,SOTO,illJon@sbcglobal.net,90002,20,2,7
93,Theresa,WEAVER,Stephaniecurious@gmx.de,90003,29,5,1
94,Diana,RYAN,Omarpanicky@yahoo.com.au,90004,19,6,3
95,Natalie,GARDNER,luckyRicky@bol.com.br,90005,8,2,12
96,Brittany,PAYNE,Shannaspotless@att.net,90006,26,6,12
97,Charlotte,GRANT,Alyssacourageous@yahoo.co.id,90007,9,4,3
98,Marie,DUNN,courageousDevin59@gmx.de,90008,24,5,3
99,Kayla,KELLEY,naughtyMallory38@msn.com,90009,16,5,3
100,Alexis,SPENCER,longJonathan55@outlook.com,90010,26,6,6